age,income,loan_amount,tenure,default
25,6000000,20000000,12,0
28,7000000,25000000,18,0
31,9000000,30000000,24,0
35,10000000,50000000,24,0
40,12000000,45000000,36,0
45,15000000,70000000,36,0
50,18000000,90000000,48,0
29,5000000,40000000,24,1
33,6000000,45000000,36,1
38,7000000,60000000,48,1
42,8000000,70000000,48,1
48,9000000,80000000,60,1
27,6500000,22000000,12,0
30,8000000,28000000,24,0
34,11000000,35000000,24,0
37,13000000,50000000,36,0
43,14000000,65000000,36,0
47,16000000,75000000,48,0
52,19000000,95000000,60,0
26,4500000,35000000,24,1
32,5500000,50000000,36,1
36,6500000,55000000,36,1
41,7500000,65000000,48,1
46,8500000,85000000,60,1
